"id","user_id","username","title","content","img","reg_date"
"4","5","nctu","Beach","beach","/php_project_demo/src/img/1586244854_nctu.jpg","2020-04-07 15:34:14"
"5","1","neil","Jet","jet","/php_project_demo/src/img/1586244875_neil.jpg","2020-04-07 15:34:35"
"6","1","neil","Can You Really Get a Premium Smartwatch?","The latest European smartwatch start-up has just launched their new flagship called eWatch, giving big smartwatch company makers a real run for their money. With thousands of customers already convinced, eWatch is the first flagship smartwatch of 2020, costing three times less than the competition and without compromise. eWatch is here to satisfy the most demanding smartwatch users.

Itâ€™s selling like crazy worldwide! We investigated why this little-known smartwatch has already sold out in most ","/php_project_demo/src/img/1586244984_neil.jpg","2020-04-07 15:36:24"
"8","3","leon","Moon",":&lt;","/php_project_demo/src/img/1586245160_leon.jpg","2020-04-07 15:39:20"
"10","6","âœŠâœŠâœŠ",":)",":(","/php_project_demo/src/img/1586245784_âœŠâœŠâœŠ.jpg","2020-04-07 15:49:44"
"11","8","Assasssdhdhdjdh"," çµ¦æˆ‘é–‰å˜´ "," æ²’äº‹ ","/php_project_demo/src/img/1586247452_Assasssdhdhdjdh.jpg","2020-04-07 16:17:32"
"12","9"," ë°±í˜„ "," ë°¥ ì‚¬ì£¼ì„¸ìš”~ "," ë–¡ë³¶ì´ë¥¼ ë¨¹ê³  ì‹¶ì–´ìš”~ ",,"2020-04-07 16:57:24"
"13","9"," ë°±í˜„ "," ã„ã„š ã„ã„š ã„ã„š ã„ã„š ã„ã„š "," å¥½ç¬‘å—ä½  ","/php_project_demo/src/img/1586250049_ë°±í˜„.jpg","2020-04-07 17:00:49"
"14","9"," ë°±í˜„ "," ğŸ˜‚ğŸ˜â¤ï¸ğŸ˜ğŸ˜ğŸ˜©ğŸ˜©ğŸ˜©ğŸ˜©ğŸ˜©ğŸ˜©ğŸ˜­ğŸ˜³ğŸ˜ŒğŸ™ˆğŸ™ˆğŸˆâš¾ï¸ğŸ¥ğŸ¾ğŸ¾ğŸğŸ‰ğŸ‰ğŸ¥ğŸ±ğŸ±ğŸ¥ğŸ’ğŸ¸ğŸ“ğŸ“ "," ä¸æƒ³å¯«å…§å®¹ä¸è¡Œå–”å¥‡æ€ª ","/php_project_demo/src/img/1586250189_ë°±í˜„.jpg","2020-04-07 17:03:09"
"15","9"," ë°±í˜„ "," #$*%*($#*^($^)#@)@R$T$#T#*%*T$*%T$ "," å†ä¸é—œå•Š ","/php_project_demo/src/img/1586250305_ë°±í˜„.jpg","2020-04-07 17:05:05"
